[
  { "countryCode": "CO", "countryName": "Colombia", "name": "Amazonas", "code": "91" },
  { "countryCode": "CO", "countryName": "Colombia", "name": "Antioquia", "code": "05" },
  { "countryCode": "CO", "countryName": "Colombia", "name": "Arauca", "code": "81" },
  { "countryCode": "CO", "countryName": "Colombia", "name": "Atlántico", "code": "08" },
  { "countryCode": "CO", "countryName": "Colombia", "name": "Bogotá D.C.", "code": "11" },
  { "countryCode": "CO", "countryName": "Colombia", "name": "Bolívar", "code": "13" },
  { "countryCode": "CO", "countryName": "Colombia", "name": "Boyacá", "code": "15" },
  { "countryCode": "CO", "countryName": "Colombia", "name": "Caldas", "code": "17" },
  { "countryCode": "CO", "countryName": "Colombia", "name": "Caquetá", "code": "18" },
  { "countryCode": "CO", "countryName": "Colombia", "name": "Casanare", "code": "85" },
  { "countryCode": "CO", "countryName": "Colombia", "name": "Cauca", "code": "19" },
  { "countryCode": "CO", "countryName": "Colombia", "name": "Cesar", "code": "20" },
  { "countryCode": "CO", "countryName": "Colombia", "name": "Chocó", "code": "27" },
  { "countryCode": "CO", "countryName": "Colombia", "name": "Córdoba", "code": "23" },
  { "countryCode": "CO", "countryName": "Colombia", "name": "Cundinamarca", "code": "25" },
  { "countryCode": "CO", "countryName": "Colombia", "name": "Guainía", "code": "94" },
  { "countryCode": "CO", "countryName": "Colombia", "name": "Guaviare", "code": "95" },
  { "countryCode": "CO", "countryName": "Colombia", "name": "Huila", "code": "41" },
  { "countryCode": "CO", "countryName": "Colombia", "name": "La Guajira", "code": "44" },
  { "countryCode": "CO", "countryName": "Colombia", "name": "Magdalena", "code": "47" },
  { "countryCode": "CO", "countryName": "Colombia", "name": "Meta", "code": "50" },
  { "countryCode": "CO", "countryName": "Colombia", "name": "Nariño", "code": "52" },
  { "countryCode": "CO", "countryName": "Colombia", "name": "Norte de Santander", "code": "54" },
  { "countryCode": "CO", "countryName": "Colombia", "name": "Putumayo", "code": "86" },
  { "countryCode": "CO", "countryName": "Colombia", "name": "Quindío", "code": "63" },
  { "countryCode": "CO", "countryName": "Colombia", "name": "Risaralda", "code": "66" },
  { "countryCode": "CO", "countryName": "Colombia", "name": "San Andrés", "code": "88" },
  { "countryCode": "CO", "countryName": "Colombia", "name": "Santander", "code": "68" },
  { "countryCode": "CO", "countryName": "Colombia", "name": "Sucre", "code": "70" },
  { "countryCode": "CO", "countryName": "Colombia", "name": "Tolima", "code": "73" },
  { "countryCode": "CO", "countryName": "Colombia", "name": "Valle del Cauca", "code": "76" },
  { "countryCode": "CO", "countryName": "Colombia", "name": "Vaupés", "code": "97" },
  { "countryCode": "CO", "countryName": "Colombia", "name": "Vichada", "code": "99" }
]
